Name,Position,Price
Thibaut Courtois,Goalkeeper,60000000
Gianluigi Donnarumma,Goalkeeper,50000000
Diogo Costa,Goalkeeper,45000000
Ederson,Goalkeeper,45000000
Alisson,Goalkeeper,45000000
Jan Oblak,Goalkeeper,40000000
Marc-André ter Stegen,Goalkeeper,40000000
Aaron Ramsdale,Goalkeeper,38000000
Gregor Kobel,Goalkeeper,35000000
Mike Maignan,Goalkeeper,35000000
Robert Sánchez,Goalkeeper,32000000
Emiliano Martínez,Goalkeeper,28000000
Giorgi Mamardashvili,Goalkeeper,25000000
David Raya,Goalkeeper,25000000
Unai Simón,Goalkeeper,25000000
Álex Remiro,Goalkeeper,25000000
Jordan Pickford,Goalkeeper,25000000
Illan Meslier,Goalkeeper,22000000
Dean Henderson,Goalkeeper,22000000
Alban Lafont,Goalkeeper,20000000
André Onana,Goalkeeper,20000000
Gavin Bazunu,Goalkeeper,18000000
Anatoliy Trubin,Goalkeeper,18000000
Edouard Mendy,Goalkeeper,18000000
José Sá,Goalkeeper,18000000
Alex Meret,Goalkeeper,18000000
Nick Pope,Goalkeeper,18000000
Guglielmo Vicario,Goalkeeper,16000000
Odysseas Vlachodimos,Goalkeeper,16000000
Matvey Safonov,Goalkeeper,15000000
Rui Silva,Goalkeeper,15000000
Kepa Arrizabalaga,Goalkeeper,15000000
David de Gea,Goalkeeper,15000000
Pau López,Goalkeeper,14000000
Juan Musso,Goalkeeper,14000000
Dominik Livakovic,Goalkeeper,14000000
Marco Carnesecchi,Goalkeeper,13000000
Altay Bayindir,Goalkeeper,13000000
Justin Bijlow,Goalkeeper,13000000
Ugurcan Cakir,Goalkeeper,13000000
Wojciech Szczesny,Goalkeeper,13000000
Walter Benítez,Goalkeeper,12000000
Bono,Goalkeeper,12000000
Ivan Provedel,Goalkeeper,12000000
Lucas Chevalier,Goalkeeper,10000000
Conan Ledesma,Goalkeeper,10000000
Gerónimo Rulli,Goalkeeper,10000000
David Soria,Goalkeeper,10000000
Georgiy Bushchan,Goalkeeper,10000000
Alexander Nübel,Goalkeeper,10000000
Brice Samba,Goalkeeper,10000000
Predrag Rajković,Goalkeeper,10000000
Bernd Leno,Goalkeeper,10000000
Maarten Vandevoordt,Goalkeeper,9000000
Anthony Lopes,Goalkeeper,9000000
Kevin Trapp,Goalkeeper,8000000
Gabriel Slonina,Goalkeeper,8000000
Vladan Kovacevic,Goalkeeper,8000000
Luís Maximiano,Goalkeeper,8000000
Caoimhín Kelleher,Goalkeeper,8000000
Sergio Herrera,Goalkeeper,8000000
Danny Ward,Goalkeeper,8000000
Matz Sels,Goalkeeper,8000000
Alphonse Areola,Goalkeeper,8000000
Koen Casteels,Goalkeeper,8000000
Bento,Goalkeeper,7000000
Agustín Rossi,Goalkeeper,7000000
Michele Di Gregorio,Goalkeeper,7000000
João Paulo,Goalkeeper,7000000
Jonas Omlin,Goalkeeper,7000000
Mark Flekken,Goalkeeper,7000000
Manuel Neuer,Goalkeeper,7000000
Ersin Destanoglu,Goalkeeper,6000000
Arijanet Muric,Goalkeeper,6000000
Jean Butez,Goalkeeper,6000000
Emil Audero,Goalkeeper,6000000
Freddie Woodman,Goalkeeper,6000000
Matheus,Goalkeeper,6000000
Stefan Ortega,Goalkeeper,6000000
Péter Gulácsi,Goalkeeper,6000000
Julen Agirrezabala,Goalkeeper,5000000
Bart Verbruggen,Goalkeeper,5000000
Yehvann Diouf,Goalkeeper,5000000
Matt Turner,Goalkeeper,5000000
Andriy Lunin,Goalkeeper,5000000
Carlos Acevedo,Goalkeeper,5000000
Kamil Grabara,Goalkeeper,5000000
Andries Noppert,Goalkeeper,5000000
Pierluigi Gollini,Goalkeeper,5000000
Wladimiro Falcone,Goalkeeper,5000000
Robin Zentner,Goalkeeper,5000000
Marvin Schwäbe,Goalkeeper,5000000
Ivica Ivusic,Goalkeeper,5000000
Marco Silvestri,Goalkeeper,5000000
Keylor Navas,Goalkeeper,5000000
Simon Mignolet,Goalkeeper,5000000
Rui Patrício,Goalkeeper,5000000
Yann Sommer,Goalkeeper,5000000
Oliver Christensen,Goalkeeper,4000000
Cleiton,Goalkeeper,4000000
Jindrich Stanek,Goalkeeper,4000000
Zack Steffen,Goalkeeper,4000000
Bartlomiej Dragowski,Goalkeeper,4000000
David Ospina,Goalkeeper,4000000
Oliver Baumann,Goalkeeper,4000000
Luiz Júnior,Goalkeeper,4000000
Kacper Tobiasz,Goalkeeper,4000000
Dogan Alemdar,Goalkeeper,4000000
Wuilker Fariñez,Goalkeeper,4000000
Lucas Chaves,Goalkeeper,4000000
Ezequiel Unsain,Goalkeeper,4000000
Iñaki Peña,Goalkeeper,4000000
Philipp Köhn,Goalkeeper,4000000
Lorenzo Montipò,Goalkeeper,4000000
Thomas Strakosha,Goalkeeper,4000000
Sergio Rico,Goalkeeper,4000000
Rubén Blanco,Goalkeeper,4000000
Bruno Varela,Goalkeeper,4000000
Stole Dimitrievski,Goalkeeper,4000000
Mathew Ryan,Goalkeeper,4000000
Benjamin Lecomte,Goalkeeper,4000000
Marco Bizot,Goalkeeper,4000000
Mattia Perin,Goalkeeper,4000000
Sam Johnstone,Goalkeeper,4000000
Édgar Badía,Goalkeeper,4000000
Marko Dmitrović,Goalkeeper,4000000
Hugo Lloris,Goalkeeper,4000000
Alessio Cragno,Goalkeeper,4000000
Lautaro Morales,Goalkeeper,3000000
Brenno,Goalkeeper,3000000
Stefano Turati,Goalkeeper,3000000
Djordje Petrovic,Goalkeeper,3000000
Luis Malagón,Goalkeeper,3000000
Arnaud Bodart,Goalkeeper,3000000
Ionut Radu,Goalkeeper,3000000
Sergio Rochet,Goalkeeper,3000000
Vanja Milinković-Savić,Goalkeeper,3000000
Ivo Grbic,Goalkeeper,3000000
Marek Rodak,Goalkeeper,3000000
Yvon Mvogo,Goalkeeper,3000000
Frederik Rönnow,Goalkeeper,3000000
Etienne Green,Goalkeeper,3000000
Álvaro Fernández,Goalkeeper,3000000
Elia Caprile,Goalkeeper,3000000
Gautier Larsonneur,Goalkeeper,3000000
Joël Drommel,Goalkeeper,3000000
Paul Bernardoni,Goalkeeper,3000000
Léo Jardim,Goalkeeper,3000000
Jiri Pavlenka,Goalkeeper,3000000
Lawrence Ati Zigi,Goalkeeper,3000000
Vasilios Barkas,Goalkeeper,3000000
Angus Gunn,Goalkeeper,3000000
Maxime Crépeau,Goalkeeper,3000000
Fernando Pacheco,Goalkeeper,3000000
Alfred Gomis,Goalkeeper,3000000
Jasper Cillessen,Goalkeeper,3000000
Franco Armani,Goalkeeper,3000000
Aitor Fernández,Goalkeeper,3000000
Esteban Andrada,Goalkeeper,3000000
Lukasz Skorupski,Goalkeeper,3000000
Weverton,Goalkeeper,3000000
Agustín Marchesín,Goalkeeper,3000000
Mailson,Goalkeeper,2000000
Anthony Patterson,Goalkeeper,2000000
Aleksandr Selikhov,Goalkeeper,2000000
Brayan Cortés,Goalkeeper,2000000
Dénes Dibusz,Goalkeeper,2000000
Gabriel Arias,Goalkeeper,2000000
Gabriel Grando,Goalkeeper,2000000
Daniil Khudyakov,Goalkeeper,2000000
Matheus Donelli,Goalkeeper,2000000
Dmytro Riznyk,Goalkeeper,2000000
James Trafford,Goalkeeper,2000000
Kevin Mier,Goalkeeper,2000000
Daniel Peretz,Goalkeeper,2000000
Yahia Fofana,Goalkeeper,2000000
Radoslaw Majecki,Goalkeeper,2000000
Maduka Okoye,Goalkeeper,2000000
Andre Blake,Goalkeeper,2000000
David von Ballmoos,Goalkeeper,2000000
Paulo Gazzaniga,Goalkeeper,2000000
Paul Nardi,Goalkeeper,2000000
Santos,Goalkeeper,2000000
Hendrik Van Crombrugge,Goalkeeper,2000000
Mohamed El Shenawy,Goalkeeper,2000000
Daniel Bachmann,Goalkeeper,2000000
Neto,Goalkeeper,2000000
Everson,Goalkeeper,2000000
Thomas Kaminski,Goalkeeper,2000000
Martin Dúbravka,Goalkeeper,2000000
Tomas Vaclik,Goalkeeper,2000000
Lars Unnerstall,Goalkeeper,2000000
Lukas Hradecky,Goalkeeper,2000000
Kasper Schmeichel,Goalkeeper,2000000
Álvaro Montero,Goalkeeper,2000000
Facundo Altamirano,Goalkeeper,2000000
Tiago Volpi,Goalkeeper,2000000
Günay Güvenc,Goalkeeper,2000000
James Beadle,Goalkeeper,2000000
André Gomes,Goalkeeper,2000000
Lukas Hornicek,Goalkeeper,2000000
Andrew,Goalkeeper,2000000
Nediljko Labrovic,Goalkeeper,2000000
Hugo Souza,Goalkeeper,2000000
Daniel,Goalkeeper,2000000
Noah Atubolu,Goalkeeper,2000000
Samuel Soares,Goalkeeper,2000000
Josef Bursik,Goalkeeper,2000000
Arnau Tenas,Goalkeeper,2000000
Marcin Bulka,Goalkeeper,2000000
Kjell Scherpen,Goalkeeper,2000000
Facundo Cambeses,Goalkeeper,2000000
Kristoffer Klaesson,Goalkeeper,2000000
Ruslan Neshcheret,Goalkeeper,2000000
Mads Hermansen,Goalkeeper,2000000
Dani Cárdenas,Goalkeeper,2000000
Maxence Prévot,Goalkeeper,2000000
Jean,Goalkeeper,2000000
Dominik Kotarski,Goalkeeper,2000000
Berke Özer,Goalkeeper,2000000
Mark Travers,Goalkeeper,2000000
Lucas Perri,Goalkeeper,2000000
Aleksandr Maksimenko,Goalkeeper,2000000
Daniel Naumov,Goalkeeper,2000000
Matija Sarkic,Goalkeeper,2000000
Luca Zidane,Goalkeeper,2000000
Augusto Batalla,Goalkeeper,2000000
Viktor Johansson,Goalkeeper,2000000
Daniel Iversen,Goalkeeper,2000000
Tadeu,Goalkeeper,2000000
Ales Mandous,Goalkeeper,2000000
Ilya Lantratov,Goalkeeper,2000000
Nick Olij,Goalkeeper,2000000
Gauthier Gallon,Goalkeeper,2000000
Ondrej Kolar,Goalkeeper,2000000
Davy Roef,Goalkeeper,2000000
Cican Stankovic,Goalkeeper,2000000
Maxime Dupé,Goalkeeper,2000000
Marcus Bettinelli,Goalkeeper,2000000
Pietro Terracciano,Goalkeeper,2000000
Alex McCarthy,Goalkeeper,2000000
Pedro Gallese,Goalkeeper,2000000
Fernando Martínez,Goalkeeper,2000000
Janis Blaswich,Goalkeeper,2000000
Robin Olsen,Goalkeeper,2000000
Camilo Vargas,Goalkeeper,2000000
Igor Akinfeev,Goalkeeper,2000000
Josep Martínez,Goalkeeper,1000000
Horatiu Moldovan,Goalkeeper,1000000
Aleksandar Popovic,Goalkeeper,1000000
Ivan,Goalkeeper,1000000
Marcos Ledesma,Goalkeeper,1000000
Mile Svilar,Goalkeeper,1000000
Ahmed Reda Tagnaouti,Goalkeeper,1000000
Georgios Athanasiadis,Goalkeeper,1000000
Guido Herrera,Goalkeeper,1000000
Ilya Pomazun,Goalkeeper,1000000
Rodrigo Rey,Goalkeeper,1000000
Daniel Bentley,Goalkeeper,1000000
Bilal Bayazit,Goalkeeper,1000000
Fernando Muslera,Goalkeeper,1000000
Joe Hart,Goalkeeper,1000000
Sebastián Meza,Goalkeeper,1000000
Dmytro Matsapura,Goalkeeper,1000000
Chris Brady,Goalkeeper,1000000
Filip Jörgensen,Goalkeeper,1000000
Stefan Tarnovanu,Goalkeeper,1000000
Josh Griffiths,Goalkeeper,1000000
Konstantinos Tzolakis,Goalkeeper,1000000
Arthur Okonkwo,Goalkeeper,1000000
Ignacio Chicco,Goalkeeper,1000000
Karl Hein,Goalkeeper,1000000
Dani Figueira,Goalkeeper,1000000
Stefan Bajic,Goalkeeper,1000000
Dayne St. Clair,Goalkeeper,1000000
Marian Aioani,Goalkeeper,1000000
Ivan Lomaev,Goalkeeper,1000000
Keiller,Goalkeeper,1000000
Hervé Koffi,Goalkeeper,1000000
Lucão,Goalkeeper,1000000
Niklas Hedl,Goalkeeper,1000000
Arthur Desmas,Goalkeeper,1000000
Dimitry Bertaud,Goalkeeper,1000000
Ivor Pandur,Goalkeeper,1000000
Gaëtan Poussin,Goalkeeper,1000000
Marko Ilić,Goalkeeper,1000000
Gastón Gómez,Goalkeeper,1000000
Dani Martín,Goalkeeper,1000000
Henrich Ravas,Goalkeeper,1000000
Adrian Semper,Goalkeeper,1000000
Dominik Greif,Goalkeeper,1000000
Ivan Nevistic,Goalkeeper,1000000
Anthony Mandréa,Goalkeeper,1000000
Florian Müller,Goalkeeper,1000000
Samuel,Goalkeeper,1000000
Marcos Felipe,Goalkeeper,1000000
Nikita Haikin,Goalkeeper,1000000
Seny Dieng,Goalkeeper,1000000
Stefano Gori,Goalkeeper,1000000
Simone Scuffet,Goalkeeper,1000000
Jaume Doménech,Goalkeeper,1000000
Patrick Pentz,Goalkeeper,1000000
Amir Abedzadeh,Goalkeeper,1000000
Marco Sportiello,Goalkeeper,1000000
Fabian Bredlow,Goalkeeper,1000000
Ronwen Williams,Goalkeeper,1000000
Mory Diaw,Goalkeeper,1000000
Daniel Schmidt,Goalkeeper,1000000
Cláudio Ramos,Goalkeeper,1000000
Alberto Brignoli,Goalkeeper,1000000
Kristijan Kahlina,Goalkeeper,1000000
Antonio Rodríguez,Goalkeeper,1000000
Jack Butland,Goalkeeper,1000000
Sean Johnson,Goalkeeper,1000000
Andrey Lunev,Goalkeeper,1000000
Stanislav Kritsyuk,Goalkeeper,1000000
Loris Karius,Goalkeeper,1000000
Timo Horn,Goalkeeper,1000000
Anthony Moris,Goalkeeper,1000000
Vicente Guaita,Goalkeeper,1000000
Roman Bürki,Goalkeeper,1000000
Fraser Forster,Goalkeeper,1000000
Sergio Asenjo,Goalkeeper,1000000
Lovre Kalinic,Goalkeeper,1000000
Antonio Adán,Goalkeeper,1000000
Andrea Consigli,Goalkeeper,1000000
Steve Mandanda,Goalkeeper,1000000
Benoît Costil,Goalkeeper,1000000
Leopold Wahlstedt,Goalkeeper,1000000
Roland Niczuly,Goalkeeper,1000000
Elhan Kastrati,Goalkeeper,1000000
Gökhan Akkan,Goalkeeper,1000000
Mads Hedenstad,Goalkeeper,1000000
Jay Gorter,Goalkeeper,1000000
Marcel Lotka,Goalkeeper,1000000
Anthony Racioppi,Goalkeeper,1000000
Hyeon-woo Jo,Goalkeeper,1000000
Rúnar Alex Rúnarsson,Goalkeeper,1000000
Helton Leite,Goalkeeper,1000000
Sinan Bolat,Goalkeeper,1000000
Plamen Andreev,Goalkeeper,1000000
Adriel,Goalkeeper,1000000
Daniil Odoevskiy,Goalkeeper,1000000
Timothy Fayulu,Goalkeeper,1000000
Karol Niemczycki,Goalkeeper,1000000
Diego Loureiro,Goalkeeper,1000000
Maarten Paes,Goalkeeper,1000000
Omri Glazer,Goalkeeper,1000000
André Moreira,Goalkeeper,1000000
Irfan Can Egribayat,Goalkeeper,1000000
Santiago Mele,Goalkeeper,1000000
Antonio Sivera,Goalkeeper,1000000
Iván Villar,Goalkeeper,1000000
Iván Arboleda,Goalkeeper,1000000
Anas Zniti,Goalkeeper,1000000
Simon Sluga,Goalkeeper,1000000
Thomas Didillon,Goalkeeper,1000000
Mirko Pigliacelli,Goalkeeper,1000000
Miguel Jiménez,Goalkeeper,1000000
Jesse Joronen,Goalkeeper,1000000
Joel Robles,Goalkeeper,1000000
Karl Darlow,Goalkeeper,1000000
Munir,Goalkeeper,1000000
Daniel Heuer Fernandes,Goalkeeper,1000000
Sergio Padt,Goalkeeper,1000000
Gabriel,Goalkeeper,1000000
Rafal Gikiewicz,Goalkeeper,1000000
Rodolfo Cota,Goalkeeper,1000000
Milan Borjan,Goalkeeper,1000000
Ibrahim Sehic,Goalkeeper,1000000
Manuel Riemann,Goalkeeper,1000000
Guillermo Ochoa,Goalkeeper,1000000
Bum-keun Song,Goalkeeper,1000000
Nicola Leali,Goalkeeper,1000000
Mycael,Goalkeeper,1000000
Rocco Ríos Novo,Goalkeeper,1000000
Carlos Miguel,Goalkeeper,1000000
Svetoslav Vutsov,Goalkeeper,1000000
Mihai Popa,Goalkeeper,1000000
Max Walef,Goalkeeper,1000000
Aymen Dahmen,Goalkeeper,1000000
Kacper Bieszczad,Goalkeeper,1000000
Filip Stankovic,Goalkeeper,1000000
Jacob Widell Zetterström,Goalkeeper,1000000
Michael Cooper,Goalkeeper,1000000
Santiago Rojas,Goalkeeper,1000000
Franco Israel,Goalkeeper,1000000
Joel Graterol,Goalkeeper,1000000
Moisés Ramírez,Goalkeeper,1000000
Amir Saipi,Goalkeeper,1000000
Daniel Fuzato,Goalkeeper,1000000
John Victor,Goalkeeper,1000000
Keisuke Osako,Goalkeeper,1000000
Samuel Brolin,Goalkeeper,1000000
Jamie Cumming,Goalkeeper,1000000
Luca Unbehaun,Goalkeeper,1000000
Ricardo Friedrich,Goalkeeper,1000000
Pontus Dahlberg,Goalkeeper,1000000
Nico Mantl,Goalkeeper,1000000
Mateusz Lis,Goalkeeper,1000000
Gaëtan Coucke,Goalkeeper,1000000
Joe Lumley,Goalkeeper,1000000
Christian Früchtl,Goalkeeper,1000000
Lennart Grill,Goalkeeper,1000000
Yohei Takaoka,Goalkeeper,1000000
Gaspar Servio,Goalkeeper,1000000
Gastón Olveira,Goalkeeper,1000000
Raúl Gudiño,Goalkeeper,1000000
Aarón Escandell,Goalkeeper,1000000
José Devecchi,Goalkeeper,1000000
Richard Ofori,Goalkeeper,1000000
José Antonio Caro,Goalkeeper,1000000
Florian Kastenmeier,Goalkeeper,1000000
Juan Soriano,Goalkeeper,1000000
Finn Dahmen,Goalkeeper,1000000
Rubén Yáñez,Goalkeeper,1000000
Ethan Horvath,Goalkeeper,1000000
Alireza Beiranvand,Goalkeeper,1000000
Christian Walton,Goalkeeper,1000000
Okan Kocuk,Goalkeeper,1000000
Timon Wellenreuther,Goalkeeper,1000000
Patrik Carlgren,Goalkeeper,1000000
Alexander Schlager,Goalkeeper,1000000
Yanick Brecher,Goalkeeper,1000000
Matt Ingram,Goalkeeper,1000000
Alberto Paleari,Goalkeeper,1000000
Fernando de Paul,Goalkeeper,1000000
Tomas Koubek,Goalkeeper,1000000
Matías Dituro,Goalkeeper,1000000
Marius Müller,Goalkeeper,1000000
Gabaski,Goalkeeper,1000000
Luigi Sepe,Goalkeeper,1000000
Denys Boyko,Goalkeeper,1000000
Alexandros Paschalakis,Goalkeeper,1000000
Nahuel Guzmán,Goalkeeper,1000000
Alexander Meyer,Goalkeeper,1000000
Jason Steele,Goalkeeper,1000000
Adrián,Goalkeeper,1000000
Jordi Masip,Goalkeeper,1000000
Mert Günok,Goalkeeper,1000000
Cássio,Goalkeeper,1000000
Claudio Bravo,Goalkeeper,1000000
Asmir Begovic,Goalkeeper,1000000
Tim Krul,Goalkeeper,1000000
Lukasz Fabianski,Goalkeeper,1000000
Samir Handanovic,Goalkeeper,1000000
Gianluigi Buffon,Goalkeeper,1000000
Óscar Ustari,Goalkeeper,1000000
Magnus Smelhus Sjöeng,Goalkeeper,900000
Carl Rushworth,Goalkeeper,900000
Francisco Meixedo,Goalkeeper,900000
Matej Kovar,Goalkeeper,900000
Guillaume Dietsch,Goalkeeper,900000
Bailey Peacock-Farrell,Goalkeeper,900000
Zacarías López,Goalkeeper,900000
Abdelali Mhamdi,Goalkeeper,900000
Bechir Ben Said,Goalkeeper,900000
JT Marcinkowski,Goalkeeper,900000
Rostislav Soldatenko,Goalkeeper,900000
Valentin Cojocaru,Goalkeeper,900000
Jakub Slowik,Goalkeeper,900000
Gustavo Busatto,Goalkeeper,900000
Lee Nicholls,Goalkeeper,900000
Warner Hahn,Goalkeeper,900000
Ryan Allsop,Goalkeeper,900000
Andrés Mosquera,Goalkeeper,900000
Alexander Schwolow,Goalkeeper,900000
Seung-gyu Kim,Goalkeeper,900000
Sven Ulreich,Goalkeeper,900000
Anton Shunin,Goalkeeper,900000
Cristóbal Campos,Goalkeeper,850000
Ayoub Lakred,Goalkeeper,850000
Kosei Tani,Goalkeeper,850000
Ramiro Macagno,Goalkeeper,850000
Stijn van Gassel,Goalkeeper,850000
Kevin Dawson,Goalkeeper,850000
Veljko Ilic,Goalkeeper,800000
Drake Callender,Goalkeeper,800000
Phelipe,Goalkeeper,800000
Jonas Urbig,Goalkeeper,800000
Aleksey Kenyaykin,Goalkeeper,800000
Diego Altube,Goalkeeper,800000
Tomás Durso,Goalkeeper,800000
Filip Majchrowicz,Goalkeeper,800000
Oliver Dovin,Goalkeeper,800000
Fabian de Keijzer,Goalkeeper,800000
Joan Femenías,Goalkeeper,800000
Sebastián Jurado,Goalkeeper,800000
Pedro Ortíz,Goalkeeper,800000
Álvaro Valles,Goalkeeper,800000
Etienne Vaessen,Goalkeeper,800000
André Alcaráz,Goalkeeper,800000
Tyler Miller,Goalkeeper,800000
Gil Alcalá,Goalkeeper,800000
Lazar Carevic,Goalkeeper,800000
Denis Adamov,Goalkeeper,800000
Bingourou Kamara,Goalkeeper,800000
Jacob Karlström,Goalkeeper,800000
Shahrudin Mahammadaliyev,Goalkeeper,800000
Brad Stuver,Goalkeeper,800000
Josko Gvardiol,Defender,75000000
Matthijs de Ligt,Defender,75000000
Rúben Dias,Defender,75000000
Ronald Araújo,Defender,70000000
Reece James,Defender,70000000
Alphonso Davies,Defender,70000000
Éder Militão,Defender,70000000
Achraf Hakimi,Defender,70000000
Marquinhos,Defender,70000000
Nuno Mendes,Defender,65000000
Wesley Fofana,Defender,65000000
Trent Alexander-Arnold,Defender,65000000
Jules Koundé,Defender,60000000
Cristian Romero,Defender,60000000
Dayot Upamecano,Defender,60000000
Theo Hernández,Defender,60000000
Milan Skriniar,Defender,60000000
João Cancelo,Defender,60000000
William Saliba,Defender,55000000
Alessandro Bastoni,Defender,55000000
Min-jae Kim,Defender,50000000
Lisandro Martínez,Defender,50000000
Gabriel Magalhães,Defender,50000000
Ben White,Defender,50000000
Lucas Hernández,Defender,50000000
David Alaba,Defender,50000000
Andrew Robertson,Defender,48000000
Pau Torres,Defender,45000000
Sven Botman,Defender,45000000
Fikayo Tomori,Defender,45000000
Virgil van Dijk,Defender,45000000
Jurrien Timber,Defender,42000000
Bremer,Defender,40000000
Benoît Badiashile,Defender,40000000
Nico Schlotterbeck,Defender,40000000
Marc Cucurella,Defender,40000000
Oleksandr Zinchenko,Defender,40000000
Raphaël Varane,Defender,40000000
Antonio Rüdiger,Defender,40000000
Pierre Kalulu,Defender,35000000
Pedro Porro,Defender,35000000
Jeremie Frimpong,Defender,35000000
Marc Guéhi,Defender,35000000
Diogo Dalot,Defender,35000000
Ibrahima Konaté,Defender,35000000
Benjamin Pavard,Defender,35000000
Robin Le Normand,Defender,35000000
Ben Chilwell,Defender,35000000
Ferland Mendy,Defender,35000000
Presnel Kimpembe,Defender,35000000
José María Giménez,Defender,35000000
José Gayà,Defender,35000000
Luke Shaw,Defender,35000000
Nathan Aké,Defender,35000000
Niklas Süle,Defender,35000000
Evan Ndicka,Defender,32000000
Nayef Aguerd,Defender,32000000
Joachim Andersen,Defender,32000000
Alejandro Balde,Defender,30000000
Jean-Clair Todibo,Defender,30000000
Giorgio Scalvini,Defender,30000000
Edmond Tapsoba,Defender,30000000
Roger Ibañez,Defender,30000000
Diego Carlos,Defender,30000000
Manuel Akanji,Defender,30000000
Joe Gomez,Defender,30000000
Andreas Christensen,Defender,30000000
John Stones,Defender,30000000
Aymeric Laporte,Defender,30000000
Tyrick Mitchell,Defender,28000000
Mohamed Simakan,Defender,28000000
Noussair Mazraoui,Defender,28000000
Timothy Castagne,Defender,28000000
Kurt Zouma,Defender,28000000
Piero Hincapié,Defender,25000000
António Silva,Defender,25000000
Malo Gusto,Defender,25000000
Gonçalo Inácio,Defender,25000000
Max Kilman,Defender,25000000
Tino Livramento,Defender,25000000
Juan Foyth,Defender,25000000
Emerson Royal,Defender,25000000
James Justin,Defender,25000000
Axel Disasi,Defender,25000000
Kyle Walker-Peters,Defender,25000000
Merih Demiral,Defender,25000000
Takehiro Tomiyasu,Defender,25000000
Kieran Tierney,Defender,25000000
Amir Rrahmani,Defender,25000000
Tyrone Mings,Defender,25000000
Reinildo Mandava,Defender,25000000
Federico Dimarco,Defender,25000000
Alejandro Grimaldo,Defender,25000000
Harry Maguire,Defender,25000000
Eric Dier,Defender,25000000
Giovanni Di Lorenzo,Defender,25000000
Kalidou Koulibaly,Defender,25000000
Nahuel Molina,Defender,24000000
Rayan Aït-Nouri,Defender,22000000
Destiny Udogie,Defender,22000000
Aaron Wan-Bissaka,Defender,22000000
Nathan Collins,Defender,22000000
Matty Cash,Defender,22000000
Ezri Konsa,Defender,22000000
Vitaliy Mykolenko,Defender,22000000
Trevoh Chalobah,Defender,22000000
Rico Henry,Defender,22000000
Tyrell Malacia,Defender,22000000
Adam Webster,Defender,22000000
James Tarkowski,Defender,22000000
Odilon Kossounou,Defender,20000000
Castello Lukeba,Defender,20000000
Strahinja Pavlovic,Defender,20000000
Renan Lodi,Defender,20000000
Armel Bella-Kotchap,Defender,20000000
Maxence Lacroix,Defender,20000000
Jakub Kiwior,Defender,20000000
Caio Henrique,Defender,20000000
Perr Schuurs,Defender,20000000
Nikola Milenković,Defender,20000000
Pascal Struijk,Defender,20000000
David Hancko,Defender,20000000
Arthur Theate,Defender,20000000
Pervis Estupiñán,Defender,20000000
Nordi Mukiele,Defender,20000000
Davinson Sánchez,Defender,20000000
David Raum,Defender,20000000
David García,Defender,20000000
Wout Faes,Defender,20000000
Ramy Bensebaini,Defender,20000000
Davide Calabria,Defender,20000000
Philipp Lienhart,Defender,20000000
Chancel Mbemba,Defender,20000000
Jonathan Tah,Defender,20000000
Álex Moreno,Defender,20000000
Ben Davies,Defender,20000000
Nico Elvedi,Defender,20000000
Raphaël Guerreiro,Defender,20000000
Matthias Ginter,Defender,20000000
Vanderson,Defender,18000000
Ilya Zabarnyi,Defender,18000000
Adrien Truffert,Defender,18000000
Aaron Hickey,Defender,18000000
Mohammed Salisu,Defender,18000000
Micky van de Ven,Defender,18000000
Nuno Tavares,Defender,18000000
Neco Williams,Defender,18000000
Calvin Bassey,Defender,18000000
Lutsharel Geertruida,Defender,18000000
Mathías Olivera,Defender,18000000
Josip Sutalo,Defender,18000000
Konstantinos Tsimikas,Defender,18000000
Robin Koch,Defender,18000000
Moussa Niakhaté,Defender,18000000
Mykola Matvienko,Defender,18000000
Mario Hermoso,Defender,18000000
Issa Diop,Defender,18000000
Gianluca Mancini,Defender,18000000
Thilo Kehrer,Defender,18000000
Alessio Romagnoli,Defender,18000000
Iñigo Martínez,Defender,18000000
Lewis Dunk,Defender,18000000
Conor Coady,Defender,18000000
Marcos Senesi,Defender,17000000
Dodô,Defender,17000000
Nicolò Casale,Defender,17000000
Jonny Otto,Defender,17000000
Lucas Digne,Defender,17000000
Victor Nelsson,Defender,16000000
Levi Colwill,Defender,16000000
João Mário,Defender,16000000
David Carmo,Defender,16000000
Facundo Medina,Defender,16000000
Max Aarons,Defender,16000000
Tiago Djaló,Defender,16000000
Anel Ahmedhodzic,Defender,16000000
Kristoffer Ajer,Defender,16000000
Kevin Danso,Defender,16000000
Douglas Santos,Defender,16000000
Joel Matip,Defender,16000000
Arnau Martínez,Defender,15000000
Rico Lewis,Defender,15000000
Morato,Defender,15000000
Tuta,Defender,15000000
Malick Thiaw,Defender,15000000
Tariq Lamptey,Defender,15000000
Taylor Harwood-Bellis,Defender,15000000
Lloyd Kelly,Defender,15000000
Oumar Solet,Defender,15000000
Luiz Felipe,Defender,15000000
Konstantinos Mavropanos,Defender,15000000
Rasmus Kristensen,Defender,15000000
Ferdi Kadioglu,Defender,15000000
Sergio Gómez,Defender,15000000
Alfonso Pedraza,Defender,15000000
Igor Zubeldia,Defender,15000000
Ben Godfrey,Defender,15000000
Manuel Lazzari,Defender,15000000
Caglar Söyüncü,Defender,15000000
Harry Souttar,Defender,15000000
Borna Sosa,Defender,15000000
Sergio Reguilón,Defender,15000000
Tosin Adarabioyo,Defender,15000000
Yeray Álvarez,Defender,15000000
Matt Targett,Defender,15000000
Nélson Semedo,Defender,15000000
Abdou Diallo,Defender,15000000
Daniel Amartey,Defender,15000000
Benjamin Henrichs,Defender,15000000
Victor Lindelöf,Defender,15000000
Jonathan Clauss,Defender,15000000
Daniel Carvajal,Defender,15000000
Leonardo Spinazzola,Defender,15000000
Kyle Walker,Defender,15000000
Stephane Singo,Defender,14000000
Dani Vivian,Defender,14000000
Nathan Patterson,Defender,14000000
Joakim Maehle,Defender,14000000
Angeliño,Defender,14000000
Attila Szalai,Defender,14000000
Jan Bednarek,Defender,14000000
Duje Caleta-Car,Defender,14000000
Aritz Elustondo,Defender,14000000
Djed Spence,Defender,13000000
Ridle Baku,Defender,13000000
Jerry St. Juste,Defender,13000000
Guillermo Maripán,Defender,13000000
Berat Djimsiti,Defender,13000000
Kieran Trippier,Defender,13000000
Youssouf Ndayishimiye,Defender,12000000
Victor Kristiansen,Defender,12000000
Kiliann Sildillia,Defender,12000000
Joe Scally,Defender,12000000
Josip Stanisic,Defender,12000000
Ben Johnson,Defender,12000000
Eric García,Defender,12000000
Javi Galán,Defender,12000000
Ethan Pinnock,Defender,12000000
Gonzalo Montiel,Defender,12000000
Danilho Doekhi,Defender,12000000
Junior Firpo,Defender,12000000
Thierry Correia,Defender,12000000
Sergiño Dest,Defender,12000000
Diogo Leite,Defender,12000000
Ko Itakura,Defender,12000000
Antonee Robinson,Defender,12000000
Mason Holgate,Defender,12000000
Guilherme Arana,Defender,12000000
Romain Perraud,Defender,12000000
Yerry Mina,Defender,12000000
Maximilian Wöber,Defender,12000000
Alex Telles,Defender,12000000
Diego Llorente,Defender,12000000
Ricardo Pereira,Defender,12000000
Lukas Klostermann,Defender,12000000
Kenny Tete,Defender,12000000
Clément Lenglet,Defender,12000000
Emerson,Defender,12000000
Danilo,Defender,12000000
Dan Burn,Defender,12000000
Juan Bernat,Defender,12000000
Marcos Acuña,Defender,12000000
Sacha Boey,Defender,11000000
Igor,Defender,11000000
Cameron Carter-Vickers,Defender,11000000
Iván Fresneda,Defender,10000000
Milos Kerkez,Defender,10000000
Loïc Badé,Defender,10000000
Manu Sánchez,Defender,10000000
Chris Richards,Defender,10000000
Leonardo Balerdi,Defender,10000000
Josh Doig,Defender,10000000
Zeno Debast,Defender,10000000
Fabiano Parisi,Defender,10000000
Brandon Soppy,Defender,10000000
Zaidu,Defender,10000000
Amar Dedic,Defender,10000000
Brandon Williams,Defender,10000000
Luke Thomas,Defender,10000000
Ben Cabango,Defender,10000000
Mattia Viti,Defender,10000000
Caleb Okoli,Defender,10000000
Marcão,Defender,10000000
Youcef Atal,Defender,10000000
Rodrigo Becão,Defender,10000000
Jordan Beyer,Defender,10000000
Edgar González,Defender,10000000
Lucas Martínez Quarta,Defender,10000000
Jaka Bijol,Defender,10000000
Julian Ryerson,Defender,10000000
Ozan Kabak,Defender,10000000
Fran García,Defender,10000000
Owen Wijndal,Defender,10000000
Hamari Traoré,Defender,10000000
Andoni Gorosabel,Defender,10000000
Felix Uduokhai,Defender,10000000
Samuel Gigot,Defender,10000000
Scott McKenna,Defender,10000000
Rob Holding,Defender,10000000
Zeki Celik,Defender,10000000
Stefan Posch,Defender,10000000
Ruben Aguilar,Defender,10000000
Fabian Schär,Defender,10000000
Michael Keane,Defender,10000000
Stefan de Vrij,Defender,10000000
Joël Veltman,Defender,10000000
Willi Orbán,Defender,10000000
Christian Günter,Defender,10000000
Abakar Sylla,Defender,9000000
Willian Pacho,Defender,9000000
Bjorn Meijer,Defender,9000000
Tanguy Nianzou,Defender,9000000
Miguel Gutiérrez,Defender,9000000
Daniel Muñoz,Defender,9000000
Ian Maatsen,Defender,9000000
Jhon Lucumí,Defender,9000000
Ethan Ampadu,Defender,9000000
Auston Trusty,Defender,9000000
Marash Kumbulla,Defender,9000000
Josip Juranovic,Defender,9000000
Mitchel Bakker,Defender,9000000
Sergio Akieme,Defender,9000000
Luca Pellegrini,Defender,9000000
Japhet Tanganga,Defender,9000000
Reece Oxford,Defender,9000000
Lucas Vázquez,Defender,9000000
Gustavo Gómez,Defender,9000000
Rick Karsdorp,Defender,9000000
Marius Wolf,Defender,9000000
Matt Doherty,Defender,9000000
Vladimir Coufal,Defender,9000000
Nicolás Tagliafico,Defender,9000000
Murilo,Defender,8000000
Anthony Caci,Defender,8000000
Stanley Nsoki,Defender,8000000
Sebastiaan Bornauw,Defender,8000000
Saël Kumbedi,Defender,8000000
Leny Yoro,Defender,8000000
Warmed Omari,Defender,8000000
Jacob Greaves,Defender,8000000
Anthony Rouault,Defender,8000000
João Victor,Defender,8000000
Lewis Hall,Defender,8000000
Abner,Defender,8000000
Carlos Augusto,Defender,8000000
Devyne Rensch,Defender,8000000
Melvin Bard,Defender,8000000
Joaquín Piquerez,Defender,8000000
Nehuén Pérez,Defender,8000000
Carlos Cuesta,Defender,8000000
Bafodé Diakité,Defender,8000000
Alexander Bah,Defender,8000000
Alejandro Catena,Defender,8000000
Santiago Bueno,Defender,8000000
Ghislain Konan,Defender,8000000
Joe Worrall,Defender,8000000
Lucas Veríssimo,Defender,8000000
César Montes,Defender,8000000
Alessandro Buongiorno,Defender,8000000
Matheus Reis,Defender,8000000
Joseph Aidoo,Defender,8000000
Federico Baschirotto,Defender,8000000
Mouctar Diakhaby,Defender,8000000
Jamal Lewis,Defender,8000000
Malang Sarr,Defender,8000000
Flavius Daniliuc,Defender,8000000
Olivier Boscagli,Defender,8000000
Joe Rodon,Defender,8000000
Hassane Kamara,Defender,8000000
Eric Bailly,Defender,8000000
Jason Denayer,Defender,8000000
Domingos Duarte,Defender,8000000
Pablo Maffeo,Defender,8000000
Alexander Djiku,Defender,8000000
Calum Chambers,Defender,8000000
Héctor Bellerín,Defender,8000000
Georgiy Dzhikiya,Defender,8000000
Chris Smalling,Defender,8000000
Mário Rui,Defender,8000000
Rafael Tolói,Defender,8000000
James Tavernier,Defender,8000000
César Azpilicueta,Defender,8000000
Bright Osayi-Samuel,Defender,7000000
Hiroki Ito,Defender,7000000
Marlon,Defender,7000000
Adam Marusic,Defender,7000000
Timo Hübers,Defender,7000000
Stefan Savic,Defender,7000000
Robert Renan,Defender,7000000
El Chadaille Bitshiabu,Defender,7000000
Sinaly Diomandé,Defender,7000000
Jarrad Branthwaite,Defender,7000000
Khellven,Defender,7000000
Juan Larios,Defender,7000000
Strahinja Eraković,Defender,7000000
Kevin Álvarez,Defender,7000000
Quentin Merlin,Defender,7000000
Giulian Biancone,Defender,7000000
Nino,Defender,7000000
Ryan Giles,Defender,7000000
Gerardo Arteaga,Defender,7000000
Mark McKenzie,Defender,7000000
Vitão,Defender,7000000
Omar Richards,Defender,7000000
Ismail Jakobs,Defender,7000000
Leo Östigard,Defender,7000000
Ayrton Lucas,Defender,7000000
Matteo Gabbia,Defender,7000000
Jesús Angulo,Defender,7000000
Júnior Alonso,Defender,7000000
Samir Caetano,Defender,7000000
Aarón Martín,Defender,7000000
Jamaal Lascelles,Defender,7000000
Davide Zappacosta,Defender,7000000
Connor Goldson,Defender,7000000
John Egan,Defender,7000000
Marcos Alonso,Defender,7000000
Matheuzinho,Defender,6000000
Marcus Pedersen,Defender,6000000
Luca Netz,Defender,6000000
Quilindschy Hartman,Defender,6000000
Andrea Cambiaso,Defender,6000000
Matteo Lovato,Defender,6000000
Valentin Rosier,Defender,6000000
Gerzino Nyamsi,Defender,6000000
Fabricio Bustos,Defender,6000000
Léo Dubois,Defender,6000000
Paulo Otávio,Defender,6000000
Valentino Lazaro,Defender,6000000
Marco Friedl,Defender,6000000
Cristiano Biraghi,Defender,6000000
Thomas Meunier,Defender,6000000
Mats Hummels,Defender,6000000
Borna Barisic,Defender,6000000
Álvaro Fernandez,Defender,6000000
Emmanuel Agbadou,Defender,6000000
Lucas Piton,Defender,6000000
Alistair Johnston,Defender,6000000
Andrew Omobamidele,Defender,6000000
Jon Pacheco,Defender,6000000
Christopher Wooh,Defender,6000000
Igor Diveev,Defender,6000000
Aihen Muñoz,Defender,6000000
Isak Hien,Defender,6000000
Chris Mepham,Defender,6000000
Félix Torres,Defender,6000000
Ben Wilmot,Defender,6000000
Nathan Silva,Defender,6000000
Matías Viña,Defender,6000000
Luan Cândido,Defender,6000000
Yukinari Sugawara,Defender,6000000
Léo Ortiz,Defender,6000000
Nathaniel Phillips,Defender,6000000
Jordan Teze,Defender,6000000
Pape Abou Cissé,Defender,6000000
Greg Taylor,Defender,6000000
Jorge Sánchez,Defender,6000000
Lincoln,Defender,6000000
Axel Tuanzebe,Defender,6000000
Zinho Vanheusden,Defender,6000000
Unai Núñez,Defender,6000000
Amos Pieper,Defender,6000000
Mauro Júnior,Defender,6000000
Jordan Lotomba,Defender,6000000
Marin Pongracic,Defender,6000000
Hans Hateboer,Defender,6000000
Carl Starfelt,Defender,6000000
Aurélio Buta,Defender,6000000
Gilberto,Defender,6000000
Djené,Defender,6000000
Connor Roberts,Defender,6000000
Romain Saïss,Defender,6000000
Vyacheslav Karavaev,Defender,6000000
Brian Oliván,Defender,6000000
Serge Aurier,Defender,6000000
Patric,Defender,6000000
Philipp Max,Defender,6000000
Sebastián Coates,Defender,6000000
Sergi Roberto,Defender,6000000
Nacho Fernández,Defender,6000000
Sergio Ramos,Defender,6000000
Daley Blind,Defender,6000000
Rogério,Defender,5000000
Natan,Defender,5000000
Jayden Oosterwolde,Defender,5000000
David Zima,Defender,5000000
Iago,Defender,5000000
Moritz Jenz,Defender,5000000
Martin Erlic,Defender,5000000
Paul Jaeckel,Defender,5000000
Abdülkerim Bardakci,Defender,5000000
Arthur Masuaku,Defender,5000000
Niklas Stark,Defender,5000000
Mitchell Weiser,Defender,5000000
Arthur,Defender,5000000
Omar Campos,Defender,5000000
Maxime Estève,Defender,5000000
Ibrahima Bamba,Defender,5000000
Callum Doyle,Defender,5000000
Alidu Seidu,Defender,5000000
Jude Bellingham,Midfielder,120000000
Jamal Musiala,Midfielder,110000000
Pedri,Midfielder,100000000
Federico Valverde,Midfielder,100000000
Gavi,Midfielder,90000000
Aurélien Tchouaméni,Midfielder,90000000
Enzo Fernández,Midfielder,85000000
Florian Wirtz,Midfielder,85000000
Declan Rice,Midfielder,80000000
Rodri,Midfielder,80000000
Martin Ødegaard,Midfielder,80000000
Bernardo Silva,Midfielder,80000000
Joshua Kimmich,Midfielder,80000000
Kevin De Bruyne,Midfielder,80000000
Bruno Fernandes,Midfielder,75000000
Nicolò Barella,Midfielder,70000000
Mason Mount,Midfielder,65000000
Leon Goretzka,Midfielder,65000000
Eduardo Camavinga,Midfielder,60000000
Bruno Guimarães,Midfielder,60000000
Frenkie de Jong,Midfielder,60000000
Kai Havertz,Midfielder,60000000
Sergej Milinković-Savić,Midfielder,60000000
Moisés Caicedo,Midfielder,55000000
James Maddison,Midfielder,55000000
Sandro Tonali,Midfielder,50000000
Mikel Merino,Midfielder,50000000
Marco Verratti,Midfielder,50000000
Casemiro,Midfielder,50000000
Matheus Nunes,Midfielder,45000000
Lucas Paquetá,Midfielder,45000000
Fabinho,Midfielder,45000000
Pierre-Emile Höjbjerg,Midfielder,45000000
Alexis Mac Allister,Midfielder,42000000
Vitinha,Midfielder,42000000
Amadou Onana,Midfielder,42000000
Dominik Szoboszlai,Midfielder,40000000
Martín Zubimendi,Midfielder,40000000
Rodrigo Bentancur,Midfielder,40000000
Frank Anguissa,Midfielder,40000000
Ismaël Bennacer,Midfielder,40000000
Dani Olmo,Midfielder,40000000
Rodrigo de Paul,Midfielder,40000000
Rúben Neves,Midfielder,40000000
Julian Brandt,Midfielder,40000000
Piotr Zielinski,Midfielder,40000000
Mateo Kovacic,Midfielder,40000000
Emile Smith Rowe,Midfielder,38000000
Fabián Ruiz,Midfielder,38000000
Joelinton,Midfielder,38000000
Thomas Partey,Midfielder,38000000
Stanislav Lobotka,Midfielder,38000000
James Ward-Prowse,Midfielder,38000000
Harvey Elliott,Midfielder,35000000
Douglas Luiz,Midfielder,35000000
Edson Álvarez,Midfielder,35000000
Ibrahim Sangaré,Midfielder,35000000
Kalvin Phillips,Midfielder,35000000
Lorenzo Pellegrini,Midfielder,35000000
Tomas Soucek,Midfielder,35000000
Marcos Llorente,Midfielder,35000000
João Palhinha,Midfielder,35000000
Hakan Calhanoglu,Midfielder,35000000
Jorginho,Midfielder,35000000
Jacob Ramsey,Midfielder,32000000
Conor Gallagher,Midfielder,32000000
Khéphren Thuram,Midfielder,32000000
Wilfred Ndidi,Midfielder,32000000
Gabri Veiga,Midfielder,30000000
Manu Koné,Midfielder,30000000
Oihan Sancet,Midfielder,30000000
Xavi Simons,Midfielder,30000000
Mohammed Kudus,Midfielder,30000000
Cheick Doucouré,Midfielder,30000000
Eberechi Eze,Midfielder,30000000
Ryan Gravenberch,Midfielder,30000000
Orkun Kökcü,Midfielder,30000000
Morgan Gibbs-White,Midfielder,30000000
Brenden Aaronson,Midfielder,30000000
Carlos Soler,Midfielder,30000000
Teun Koopmeiners,Midfielder,30000000
Daichi Kamada,Midfielder,30000000
Joe Willock,Midfielder,30000000
Brais Méndez,Midfielder,30000000
Manuel Locatelli,Midfielder,30000000
Youri Tielemans,Midfielder,30000000
Otávio,Midfielder,30000000
Nabil Fekir,Midfielder,30000000
Adrien Rabiot,Midfielder,30000000
Seko Fofana,Midfielder,30000000
Mohamed Camara,Midfielder,28000000
Jesper Lindström,Midfielder,28000000
Giovanni Reyna,Midfielder,28000000
Nicolò Zaniolo,Midfielder,28000000
Guido Rodríguez,Midfielder,28000000
Denzel Dumfries,Midfielder,28000000
Franck Kessié,Midfielder,28000000
Konrad Laimer,Midfielder,28000000
Marcelo Brozovic,Midfielder,28000000
Granit Xhaka,Midfielder,28000000
Rayan Cherki,Midfielder,27000000
Fábio Vieira,Midfielder,27000000
Charles De Ketelaere,Midfielder,27000000
John McGinn,Midfielder,27000000
Eljif Elmas,Midfielder,26000000
Danilo,Midfielder,25000000
Roméo Lavia,Midfielder,25000000
Youssouf Fofana,Midfielder,25000000
Manuel Ugarte,Midfielder,25000000
Kiernan Dewsbury-Hall,Midfielder,25000000
Mattéo Guendouzi,Midfielder,25000000
Tanguy Ndombélé,Midfielder,25000000
Yves Bissouma,Midfielder,25000000
Maxence Caqueret,Midfielder,25000000
Boubacar Kamara,Midfielder,25000000
Pablo Fornals,Midfielder,25000000
Scott McTominay,Midfielder,25000000
Sofyan Amrabat,Midfielder,25000000
Aleksandr Golovin,Midfielder,25000000
Alex Iwobi,Midfielder,25000000
Mario Pasalic,Midfielder,25000000
Thomas Lemar,Midfielder,25000000
Ruben Loftus-Cheek,Midfielder,25000000
Christian Eriksen,Midfielder,25000000
Ilkay Gündogan,Midfielder,25000000
Filip Kostić,Midfielder,24000000
Yunus Musah,Midfielder,22000000
Wendel,Midfielder,22000000
Hugo Guillamón,Midfielder,22000000
Davide Frattesi,Midfielder,22000000
Ryan Sessegnon,Midfielder,22000000
Hamed Junior Traorè,Midfielder,22000000
Sean Longstaff,Midfielder,22000000
Xaver Schlager,Midfielder,22000000
Djibril Sow,Midfielder,22000000
Weston McKennie,Midfielder,21000000
Éderson,Midfielder,20000000
Thiago Almada,Midfielder,20000000
Fábio Carvalho,Midfielder,20000000
Luka Sucic,Midfielder,20000000
Nicolò Fagioli,Midfielder,20000000
Nicolas Seiwald,Midfielder,20000000
Lovro Majer,Midfielder,20000000
Florentino,Midfielder,20000000
Boubakary Soumaré,Midfielder,20000000
Denis Zakaria,Midfielder,20000000
Tyler Adams,Midfielder,20000000
Christoph Baumgartner,Midfielder,20000000
Brahim Díaz,Midfielder,20000000
Nikola Vlasic,Midfielder,20000000
Renato Sanches,Midfielder,20000000
Wilmar Barrios,Midfielder,20000000
N'Golo Kanté,Midfielder,20000000
Bryan Cristante,Midfielder,20000000
Fred,Midfielder,20000000
Paul Pogba,Midfielder,20000000
Marcel Sabitzer,Midfielder,20000000
Sergio Canales,Midfielder,20000000
Giorgian de Arrascaeta,Midfielder,19000000
Eliesse Ben Seghir,Midfielder,18000000
Warren Zaïre-Emery,Midfielder,18000000
Claudinho,Midfielder,18000000
Giovani Lo Celso,Midfielder,18000000
Sander Berge,Midfielder,18000000
Valentin Rongier,Midfielder,18000000
Philip Billing,Midfielder,18000000
Ludovic Blas,Midfielder,18000000
Robin Gosens,Midfielder,18000000
Benjamin Bourigeaud,Midfielder,18000000
Ruslan Malinovskyi,Midfielder,18000000
Luis Alberto,Midfielder,18000000
Geoffrey Kondogbia,Midfielder,18000000
Thiago,Midfielder,18000000
Toni Kroos,Midfielder,18000000
Curtis Jones,Midfielder,17000000
Andreas Skov Olsen,Midfielder,17000000
Amadou Haidara,Midfielder,17000000
Naby Keïta,Midfielder,17000000
Donny van de Beek,Midfielder,17000000
Salih Özcan,Midfielder,17000000
Leander Dendoncker,Midfielder,17000000
Maximilian Arnold,Midfielder,17000000
Al-Musrati,Midfielder,16000000
Gerson,Midfielder,16000000
Vitaly Janelt,Midfielder,16000000
Fredrik Aursnes,Midfielder,16000000
Andreas Pereira,Midfielder,16000000
Sergi Darder,Midfielder,16000000
William Carvalho,Midfielder,16000000
Koke,Midfielder,16000000
Désiré Doué,Midfielder,15000000
Andrey Santos,Midfielder,15000000
João Gomes,Midfielder,15000000
Carney Chukwuemeka,Midfielder,15000000
Enzo Le Fée,Midfielder,15000000
Maurits Kjaergaard,Midfielder,15000000
Azzedine Ounahi,Midfielder,15000000
Fabio Miretti,Midfielder,15000000
Pape Matar Sarr,Midfielder,15000000
Cole Palmer,Midfielder,15000000
Kang-in Lee,Midfielder,15000000
Arsen Zakharyan,Midfielder,15000000
Nicola Zalewski,Midfielder,15000000
Nicolás Domínguez,Midfielder,15000000
Ivan Ilić,Midfielder,15000000
Joe Aribo,Midfielder,15000000
Samuele Ricci,Midfielder,15000000
Fran Beltrán,Midfielder,15000000
Oliver Skipp,Midfielder,15000000
Exequiel Palacios,Midfielder,15000000
Marcus Tavernier,Midfielder,15000000
Houssem Aouar,Midfielder,15000000
Tommaso Pobega,Midfielder,15000000
Albert Sambi Lokonga,Midfielder,15000000
André Almeida,Midfielder,15000000
Arthur Melo,Midfielder,15000000
Anton Stach,Midfielder,15000000
Mattias Svanberg,Midfielder,15000000
Marc Roca,Midfielder,15000000
Lucas Torreira,Midfielder,15000000
Sebastián Driussi,Midfielder,15000000
Josh Brownhill,Midfielder,15000000
Maxime López,Midfielder,15000000
Baptiste Santamaria,Midfielder,15000000
Florian Neuhaus,Midfielder,15000000
Jefferson Lerma,Midfielder,15000000
Harrison Reed,Midfielder,15000000
Julian Weigl,Midfielder,15000000
Alex Scott,Midfielder,14000000
André,Midfielder,14000000
Unai Vencedor,Midfielder,14000000
James Garner,Midfielder,14000000
Kenneth Taylor,Midfielder,14000000
Raphael Veiga,Midfielder,14000000
Joey Veerman,Midfielder,14000000
Amine Harit,Midfielder,14000000
Matteo Pessina,Midfielder,14000000
Sebastian Szymanski,Midfielder,14000000
Mathias Jensen,Midfielder,14000000
Talisca,Midfielder,14000000
André Gomes,Midfielder,14000000
Corentin Tolisso,Midfielder,14000000
Jordan Veretout,Midfielder,14000000
João Mário,Midfielder,14000000
Christian Nörgaard,Midfielder,14000000
Steven Berghuis,Midfielder,14000000
Emre Can,Midfielder,14000000
Stefan Bajcetic,Midfielder,13000000
Salis Abdul Samed,Midfielder,13000000
Angel Gomes,Midfielder,13000000
Mike Trésor,Midfielder,13000000
Ellyes Skhiri,Midfielder,13000000
Mauro Arambarri,Midfielder,13000000
Sasa Lukic,Midfielder,13000000
Mario Götze,Midfielder,13000000
Carlos Alcaraz,Midfielder,12000000
Lucas Gourna-Douath,Midfielder,12000000
Jon Moncayola,Midfielder,12000000
Kristjan Asllani,Midfielder,12000000
Nicolò Rovella,Midfielder,12000000
Fabian Rieder,Midfielder,12000000
Matías Zaracho,Midfielder,12000000
Morten Hjulmand,Midfielder,12000000
José Cifuentes,Midfielder,12000000
Jakub Moder,Midfielder,12000000
Gustavo Scarpa,Midfielder,12000000
Dani Ceballos,Midfielder,12000000
Tom Davies,Midfielder,12000000
Orel Mangala,Midfielder,12000000
Antonin Barak,Midfielder,12000000
Joan Jordán,Midfielder,12000000
Aleksey Miranchuk,Midfielder,12000000
Harry Winks,Midfielder,12000000
Mahmoud Dahoud,Midfielder,12000000
Davy Klaassen,Midfielder,12000000
Leandro Paredes,Midfielder,12000000
Hany Mukhtar,Midfielder,12000000
Jesse Lingard,Midfielder,12000000
Danilo Pereira,Midfielder,12000000
Hans Vanaken,Midfielder,12000000
Marten de Roon,Midfielder,12000000
Abdoulaye Doucouré,Midfielder,12000000
Téji Savanier,Midfielder,12000000
Georginio Wijnaldum,Midfielder,12000000
Yusuf Yazici,Midfielder,11000000
Arda Güler,Midfielder,11000000
Bilal El Khannouss,Midfielder,11000000
Mady Camara,Midfielder,11000000
Nicolás de la Cruz,Midfielder,11000000
Bryan Heynen,Midfielder,11000000
Lucas Tousart,Midfielder,11000000
Dele Alli,Midfielder,11000000
Anastasios Bakasetas,Midfielder,11000000
Robert Andrich,Midfielder,11000000
Farès Chaïbi,Midfielder,10000000
Alan Varela,Midfielder,10000000
David Costa,Midfielder,10000000
Raphael Onyedika,Midfielder,10000000
Máximo Perrone,Midfielder,10000000
Tommaso Baldanzi,Midfielder,10000000
Johann Lepenant,Midfielder,10000000
Naouirou Ahamada,Midfielder,10000000
Hidemasa Morita,Midfielder,10000000
Stephen Eustaquio,Midfielder,10000000
Miguel Crespo,Midfielder,10000000
Pape Gueye,Midfielder,10000000
Nico González,Midfielder,10000000
Jean-Ricner Bellegarde,Midfielder,10000000
Luka Ivanusec,Midfielder,10000000
Ilias Chair,Midfielder,10000000
Leandro Barreiro,Midfielder,10000000
Jean-Victor Makengo,Midfielder,10000000
Diadié Samassékou,Midfielder,10000000
Gaetano Castrovilli,Midfielder,10000000
Dejan Ljubicic,Midfielder,10000000
Óscar Rodríguez,Midfielder,10000000
Carles Aleñá,Midfielder,10000000
Daler Kuzyaev,Midfielder,10000000
Aleix García,Midfielder,10000000
Lewis Cook,Midfielder,10000000
Josh Cullen,Midfielder,10000000
Matheus Pereira,Midfielder,10000000
Mateus Uribe,Midfielder,10000000
Mario Lemina,Midfielder,10000000
Saúl Ñíguez,Midfielder,10000000
Remo Freuler,Midfielder,10000000
Alex Oxlade-Chamberlain,Midfielder,10000000
Benjamin André,Midfielder,10000000
Jordan Henderson,Midfielder,10000000
Iker Muniain,Midfielder,10000000
Ivan Perisic,Midfielder,10000000
Luka Modric,Midfielder,10000000
Facundo Buonanotte,Midfielder,9000000
Imrân Louza,Midfielder,9000000
Joris Chotard,Midfielder,9000000
Georgiy Sudakov,Midfielder,9000000
Gabriel Sara,Midfielder,9000000
Eduard Spertsyan,Midfielder,9000000
Lewis Ferguson,Midfielder,9000000
Billy Gilmour,Midfielder,9000000
Frank Onyeka,Midfielder,9000000
Yacine Adli,Midfielder,9000000
Yangel Herrera,Midfielder,9000000
Kristijan Jakic,Midfielder,9000000
Mykola Shaparenko,Midfielder,9000000
Josh Dasilva,Midfielder,9000000
Gedson Fernandes,Midfielder,9000000
Evander,Midfielder,9000000
Fernando Gorriarán,Midfielder,9000000
Rolando Mandragora,Midfielder,9000000
Xeka,Midfielder,9000000
Pity Martínez,Midfielder,9000000
Abdülkadir Ömür,Midfielder,9000000
Robert Skov,Midfielder,9000000
Rade Krunic,Midfielder,9000000
Dennis Geiger,Midfielder,9000000
Angelo Fulgini,Midfielder,9000000
Marko Grujić,Midfielder,9000000
Óliver Torres,Midfielder,9000000
Branco van den Boomen,Midfielder,9000000
Ryan Christie,Midfielder,9000000
Mohamed Elneny,Midfielder,9000000
Ross Barkley,Midfielder,9000000
Kerem Demirbay,Midfielder,9000000
Emil Forsberg,Midfielder,9000000
James Rodríguez,Midfielder,9000000
Marco Reus,Midfielder,9000000
Arthur Vermeeren,Midfielder,8000000
Kristian Thorstvedt,Midfielder,8000000
Matheus Henrique,Midfielder,8000000
Aster Vranckx,Midfielder,8000000
Quinten Timber,Midfielder,8000000
Jerdy Schouten,Midfielder,8000000
Santiago Hezze,Midfielder,8000000
Lesley Ugochukwu,Midfielder,8000000
Nicolás Capaldo,Midfielder,8000000
Aníbal Moreno,Midfielder,8000000
Rodri Sánchez,Midfielder,8000000
Gabriel Menino,Midfielder,8000000
Hannibal,Midfielder,8000000
Charlie Patino,Midfielder,8000000
Giuliano Galoppo,Midfielder,8000000
Lewis O'Brien,Midfielder,8000000
Romain Faivre,Midfielder,8000000
Kacper Kozlowski,Midfielder,8000000
Carlos Rodríguez,Midfielder,8000000
Flynn Downes,Midfielder,8000000
Yari Verschaeren,Midfielder,8000000
Fausto Vera,Midfielder,8000000
Marcos Antônio,Midfielder,8000000
Tijjani Reijnders,Midfielder,8000000
Ryan Yates,Midfielder,8000000
Ibrahima Diallo,Midfielder,8000000
Felix Nmecha,Midfielder,8000000
Daniil Fomin,Midfielder,8000000
Nedim Bajrami,Midfielder,8000000
Leonardo Fernández,Midfielder,8000000
Ibrahima Sissoko,Midfielder,8000000
Érick Sánchez,Midfielder,8000000
Jorge Carrascal,Midfielder,8000000
Todd Cantwell,Midfielder,8000000
Riqui Puig,Midfielder,8000000
Luis Chávez,Midfielder,8000000
Razvan Marin,Midfielder,8000000
Ainsley Maitland-Niles,Midfielder,8000000
Nemanja Maksimović,Midfielder,8000000
Daniel-Kofi Kyereh,Midfielder,8000000
Dmitriy Barinov,Midfielder,8000000
Niklas Dorsch,Midfielder,8000000
Mirko Ivanic,Midfielder,8000000
Stefano Sensi,Midfielder,8000000
Florian Grillitsch,Midfielder,8000000
Maximilian Eggestein,Midfielder,8000000
Vitaliy Buyalskyi,Midfielder,8000000
Adrien Tamèze,Midfielder,8000000
Jeffrey Schlupp,Midfielder,8000000
Casper Nielsen,Midfielder,8000000
Manuel Lanzini,Midfielder,8000000
Dennis Praet,Midfielder,8000000
Idrissa Gueye,Midfielder,8000000
Allan,Midfielder,8000000
Rani Khedira,Midfielder,8000000
Callum McGregor,Midfielder,8000000
Oscar,Midfielder,8000000
Pascal Groß,Midfielder,8000000
Miralem Pjanic,Midfielder,8000000
Danil Glebov,Midfielder,7000000
Junior Dina Ebimbe,Midfielder,7000000
Lazar Samardzic,Midfielder,7000000
Emanuel Reynoso,Midfielder,7000000
Ivan Oblyakov,Midfielder,7000000
Giulio Maggiore,Midfielder,7000000
Renato Tapia,Midfielder,7000000
Mathias Normann,Midfielder,7000000
Simone Bastoni,Midfielder,7000000
Grischa Prömel,Midfielder,7000000
John Lundstram,Midfielder,7000000
Oscar Gloukh,Midfielder,7000000
Vini Souza,Midfielder,7000000
Tyler Morton,Midfielder,7000000
Jean Lucas,Midfielder,7000000
Lucien Agoumé,Midfielder,7000000
Hicham Boudaoui,Midfielder,7000000
Eliot Matazo,Midfielder,7000000
Kastriot Imeri,Midfielder,7000000
Rodrigo Nestor,Midfielder,7000000
Lucas Robertone,Midfielder,7000000
Nicolas Raskin,Midfielder,7000000
Ramiz Zerrouki,Midfielder,7000000
Mats Wieffer,Midfielder,7000000
Matt O'Riley,Midfielder,7000000
Allan,Midfielder,7000000
Daniil Utkin,Midfielder,7000000
Guus Til,Midfielder,7000000
Pablo Rosario,Midfielder,7000000
Toma Basic,Midfielder,7000000
Franco Cristaldo,Midfielder,7000000
Jeff Reine-Adélaïde,Midfielder,7000000
Walace,Midfielder,7000000
Nikola Moro,Midfielder,7000000
Érick Gutiérrez,Midfielder,7000000
Sandi Lovric,Midfielder,7000000
Matt Grimes,Midfielder,7000000
Álvaro Fidalgo,Midfielder,7000000
Nabil Bentaleb,Midfielder,7000000
Przemyslaw Frankowski,Midfielder,7000000
Lucas Zelarayán,Midfielder,7000000
Morten Thorsby,Midfielder,7000000
Lucas Torró,Midfielder,7000000
Flavien Tait,Midfielder,7000000
Danilo Cataldi,Midfielder,7000000
Bobby De Cordova-Reid,Midfielder,7000000
Janik Haberer,Midfielder,7000000
Yannick Gerhardt,Midfielder,7000000
Sérgio Oliveira,Midfielder,7000000
Jonjo Shelvey,Midfielder,7000000
Dani Parejo,Midfielder,7000000
Christian,Midfielder,6000000
Rodrigo Villagra,Midfielder,6000000
Eric Martel,Midfielder,6000000
Martin Baturina,Midfielder,6000000
Praxedes,Midfielder,6000000
Luis Romo,Midfielder,6000000
Reo Hatate,Midfielder,6000000
Santiago Ascacíbar,Midfielder,6000000
Uroš Račić,Midfielder,6000000
Víctor Guzmán,Midfielder,6000000
Amir Hadziahmetovic,Midfielder,6000000
Suat Serdar,Midfielder,6000000
Willian Arão,Midfielder,6000000
Roberto Gagliardini,Midfielder,6000000
Ryan Gauld,Midfielder,6000000
Jean-Philippe Gbamin,Midfielder,6000000
Nicolae Stanciu,Midfielder,6000000
Wataru Endo,Midfielder,6000000
Roberto Pereyra,Midfielder,6000000
Ismaël Koné,Midfielder,6000000
Du Queiroz,Midfielder,6000000
Pablo Maia,Midfielder,6000000
Adson,Midfielder,6000000
Kylian Mbappé,Forward,180000000
Erling Haaland,Forward,170000000
Vinicius Junior,Forward,120000000
Bukayo Saka,Forward,110000000
Phil Foden,Forward,110000000
Victor Osimhen,Forward,100000000
Harry Kane,Forward,90000000
Khvicha Kvaratskhelia,Forward,85000000
Rodrygo,Forward,80000000
Lautaro Martínez,Forward,80000000
Rafael Leão,Forward,80000000
Christopher Nkunku,Forward,80000000
Marcus Rashford,Forward,80000000
Luis Díaz,Forward,75000000
Gabriel Jesus,Forward,75000000
Dusan Vlahovic,Forward,75000000
Gabriel Martinelli,Forward,70000000
Antony,Forward,70000000
Darwin Núñez,Forward,70000000
Jack Grealish,Forward,70000000
Leroy Sané,Forward,70000000
Mohamed Salah,Forward,70000000
Neymar,Forward,70000000
Randal Kolo Muani,Forward,65000000
Kingsley Coman,Forward,65000000
Mykhaylo Mudryk,Forward,60000000
Jonathan David,Forward,60000000
Cody Gakpo,Forward,60000000
Ousmane Dembélé,Forward,60000000
Raheem Sterling,Forward,60000000
Heung-min Son,Forward,60000000
Dejan Kulusevski,Forward,55000000
Jadon Sancho,Forward,55000000
Richarlison,Forward,55000000
Diogo Jota,Forward,55000000
Serge Gnabry,Forward,55000000
Julián Álvarez,Forward,50000000
João Félix,Forward,50000000
Raphinha,Forward,50000000
Moussa Diaby,Forward,50000000
Mikel Oyarzabal,Forward,50000000
Alexander Isak,Forward,50000000
Federico Chiesa,Forward,50000000
Ivan Toney,Forward,50000000
Tammy Abraham,Forward,45000000
Sadio Mané,Forward,45000000
Lionel Messi,Forward,45000000
Gonçalo Ramos,Forward,40000000
Anthony Gordon,Forward,40000000
Romelu Lukaku,Forward,40000000
Robert Lewandowski,Forward,40000000
Yéremy Pino,Forward,38000000
Jarrod Bowen,Forward,38000000
Rasmus Højlund,Forward,35000000
Karim Adeyemi,Forward,35000000
Ansu Fati,Forward,35000000
Martin Terrier,Forward,35000000
Amine Gouiri,Forward,35000000
Giacomo Raspadori,Forward,35000000
Miguel Almirón,Forward,35000000
Allan Saint-Maximin,Forward,35000000
Ángel Correa,Forward,35000000
Karim Benzema,Forward,35000000
Pedro Neto,Forward,32000000
Harvey Barnes,Forward,32000000
Ollie Watkins,Forward,32000000
Marcus Thuram,Forward,32000000
Christian Pulisic,Forward,32000000
Armando Broja,Forward,30000000
Matheus Cunha,Forward,30000000
Brennan Johnson,Forward,30000000
Youssoufa Moukoko,Forward,30000000
Pedro Gonçalves,Forward,30000000
Ademola Lookman,Forward,30000000
Ferran Torres,Forward,30000000
Patrik Schick,Forward,30000000
Paulo Dybala,Forward,30000000
Sébastien Haller,Forward,30000000
Gerard Moreno,Forward,30000000
Riyad Mahrez,Forward,30000000
Leandro Trossard,Forward,30000000
Noni Madueke,Forward,28000000
Nicolás González,Forward,28000000
Bryan Mbeumo,Forward,28000000
Emiliano Buendía,Forward,28000000
Hirving Lozano,Forward,28000000
Gonçalo Guedes,Forward,28000000
Aleksandar Mitrović,Forward,28000000
Michael Olise,Forward,27000000
Arnaut Danjuma,Forward,27000000
Malcom,Forward,27000000
Gianluca Scamacca,Forward,27000000
Wilfried Zaha,Forward,27000000
Alejandro Garnacho,Forward,25000000
Hugo Ekitiké,Forward,25000000
Nico Williams,Forward,25000000
Elye Wahi,Forward,25000000
Arnaud Kalimuendo,Forward,25000000
Anthony Elanga,Forward,25000000
Folarin Balogun,Forward,25000000
Leon Bailey,Forward,25000000
Tetê,Forward,25000000
Eddie Nketiah,Forward,25000000
Marcus Edwards,Forward,25000000
Dominic Calvert-Lewin,Forward,25000000
Marco Asensio,Forward,25000000
Mattia Zaccagni,Forward,25000000
Borja Iglesias,Forward,25000000
Iñaki Williams,Forward,25000000
Enes Ünal,Forward,25000000
Timo Werner,Forward,25000000
Yannick Carrasco,Forward,25000000
Álvaro Morata,Forward,25000000
Antoine Griezmann,Forward,25000000
João Pedro,Forward,24000000
Steven Bergwijn,Forward,24000000
Rafa,Forward,23000000
Kamaldeen Sulemana,Forward,22000000
Evanilson,Forward,22000000
Vitinha,Forward,22000000
Georginio Rutter,Forward,22000000
Pepê,Forward,22000000
Luis Sinisterra,Forward,22000000
Kaoru Mitoma,Forward,22000000
David Neres,Forward,22000000
Pedro,Forward,22000000
Jack Harrison,Forward,22000000
Noah Okafor,Forward,22000000
Ché Adams,Forward,22000000
Nicolas Pépé,Forward,22000000
Saïd Benrahma,Forward,22000000
Viktor Tsygankov,Forward,22000000
Breel Embolo,Forward,22000000
Roberto Firmino,Forward,22000000
Gabriel,Forward,21000000
Endrick,Forward,20000000
Dango Ouattara,Forward,20000000
Mathys Tel,Forward,20000000
Benjamin Sesko,Forward,20000000
Álex Baena,Forward,20000000
Terem Moffi,Forward,20000000
Kevin Schade,Forward,20000000
Galeno,Forward,20000000
Ismaïla Sarr,Forward,20000000
Samuel Chukwueze,Forward,20000000
Loïs Openda,Forward,20000000
Patson Daka,Forward,20000000
Moise Kean,Forward,20000000
Mehdi Taremi,Forward,20000000
Taiwo Awoniyi,Forward,20000000
Jonathan Bamba,Forward,20000000
Demarai Gray,Forward,20000000
Ricardo Horta,Forward,20000000
Daniel Podence,Forward,20000000
André Silva,Forward,20000000
Matteo Politano,Forward,20000000
Wissam Ben Yedder,Forward,20000000
Cristiano Ronaldo,Forward,20000000
Vitor Roque,Forward,18000000
Wilfried Gnonto,Forward,18000000
Dwight McNeil,Forward,18000000
Armand Laurienté,Forward,18000000
Sofiane Diop,Forward,18000000
Yuri Alberto,Forward,18000000
Jérémy Doku,Forward,18000000
Manor Solomon,Forward,18000000
Sasa Kalajdzic,Forward,18000000
Umar Sadiq,Forward,18000000
Dominic Solanke,Forward,18000000
Hakim Ziyech,Forward,18000000
Solly March,Forward,18000000
Domenico Berardi,Forward,18000000
Callum Wilson,Forward,18000000
Ciro Immobile,Forward,18000000
Mauro Icardi,Forward,18000000
Thomas Müller,Forward,18000000
Callum Hudson-Odoi,Forward,17000000
Odsonne Edouard,Forward,17000000
Cengiz Ünder,Forward,17000000
Andrea Pinamonti,Forward,17000000
Kelechi Iheanacho,Forward,17000000
Giovanni Simeone,Forward,17000000
Paul Onuachu,Forward,17000000
Samuel Lino,Forward,16000000
Mateo Retegui,Forward,16000000
Ben Brereton Díaz,Forward,16000000
Jesper Karlsson,Forward,16000000
Donyell Malen,Forward,16000000
Jonathan Ikoné,Forward,16000000
Memphis Depay,Forward,16000000
Danny Ings,Forward,16000000
Pablo Sarabia,Forward,16000000
Luiz Henrique,Forward,15000000
Nicolas Jackson,Forward,15000000
Talles Magno,Forward,15000000
Momo Cho,Forward,15000000
Marcos Leonardo,Forward,15000000
Keane Lewis-Potter,Forward,15000000
Iliman Ndiaye,Forward,15000000
Adam Hlozek,Forward,15000000
Mikkel Damsgaard,Forward,15000000
Amine Adli,Forward,15000000
Krépin Diatta,Forward,15000000
Youssef En-Nesyri,Forward,15000000
Trincão,Forward,15000000
Takefusa Kubo,Forward,15000000
Yoane Wissa,Forward,15000000
Alexis Saelemaekers,Forward,15000000
Ritsu Doan,Forward,15000000
Noa Lang,Forward,15000000
Álex Berenguer,Forward,15000000
Vedat Muriqi,Forward,15000000
Maxwel Cornet,Forward,15000000
Moussa Dembélé,Forward,15000000
Jérémie Boga,Forward,15000000
Sheraldo Becker,Forward,15000000
Anthony Martial,Forward,15000000
Felipe Anderson,Forward,15000000
Juanmi,Forward,15000000
Jamie Bynoe-Gittens,Forward,14000000
Boulaye Dia,Forward,14000000
Jonas Wind,Forward,14000000
Arthur Cabral,Forward,14000000
Habib Diallo,Forward,14000000
Lukas Nmecha,Forward,14000000
Wout Weghorst,Forward,14000000
Joaquín Correa,Forward,14000000
Gaëtan Laborde,Forward,14000000
Bertrand Traoré,Forward,14000000
Philippe Coutinho,Forward,14000000
Ângelo Gabriel,Forward,13000000
Beto,Forward,13000000
Amad Diallo,Forward,13000000
Fábio Silva,Forward,13000000
Brian Brobbey,Forward,13000000
Kerem Aktürkoglu,Forward,13000000
Rony,Forward,13000000
Christian Kouamé,Forward,13000000
Daniel James,Forward,13000000
Harry Wilson,Forward,13000000
Neal Maupay,Forward,13000000
Gerard Deulofeu,Forward,13000000
Niclas Füllkrug,Forward,13000000
Jonas Hofmann,Forward,13000000
Marquinhos,Forward,12000000
Jhon Durán,Forward,12000000
Tajon Buchanan,Forward,12000000
Gabriel Veron,Forward,12000000
Sékou Mara,Forward,12000000
Bryan Gil,Forward,12000000
Patrick Wimmer,Forward,12000000
Musa Barrow,Forward,12000000
Crysencio Summerville,Forward,12000000
Josh Sargent,Forward,12000000
Timothy Weah,Forward,12000000
Nathan Tella,Forward,12000000
Ermedin Demirovic,Forward,12000000
Jonathan Burkardt,Forward,12000000
Justin Kluivert,Forward,12000000
Jota,Forward,12000000
Vangelis Pavlidis,Forward,12000000
Rafael Borré,Forward,12000000
Diego Rossi,Forward,12000000
Mergim Berisha,Forward,12000000
Dodi Lukébakio,Forward,12000000
Hee-chan Hwang,Forward,12000000
Nuno Santos,Forward,12000000
David Brooks,Forward,12000000
Sergi Canós,Forward,12000000
Adam Armstrong,Forward,12000000
Alexander Sörloth,Forward,12000000
Adama Traoré,Forward,12000000
Lucas Ocampos,Forward,12000000
Mohamed Elyounoussi,Forward,12000000
Vincenzo Grifo,Forward,12000000
Sardar Azmoun,Forward,12000000
Lorenzo Insigne,Forward,12000000
Alexandre Lacazette,Forward,12000000
Julio Enciso,Forward,11000000
Ferran Jutglà,Forward,11000000
Jörgen Strand Larsen,Forward,11000000
Calvin Stengs,Forward,11000000
Artem Dovbyk,Forward,11000000
Éverton,Forward,11000000
Ryan Kent,Forward,11000000
Jhon Córdoba,Forward,11000000
Quincy Promes,Forward,11000000
Dudu,Forward,11000000
Mahmoud Trezeguet,Forward,10000000
David Datro Fofana,Forward,10000000
Giovani,Forward,10000000
El Bilal Touré,Forward,10000000
Evan Ferguson,Forward,10000000
Silas,Forward,10000000
Fernando,Forward,10000000
Cameron Archer,Forward,10000000
Taty Castellanos,Forward,10000000
Pedrinho,Forward,10000000
Sergio Camello,Forward,10000000
Moussa Djenepo,Forward,10000000
Facundo Torres,Forward,10000000
Rodrigo Riquelme,Forward,10000000
Cucho Hernández,Forward,10000000
Gabriel Strefezza,Forward,10000000
Emmanuel Dennis,Forward,10000000
Ansgar Knauff,Forward,10000000
Jakub Kaminski,Forward,10000000
Riccardo Orsolini,Forward,10000000
Isi Palazón,Forward,10000000
Rafa Mir,Forward,10000000
Junya Ito,Forward,10000000
Roland Sallai,Forward,10000000
Karl Toko Ekambi,Forward,10000000
Fedor Chalov,Forward,10000000
Serhou Guirassy,Forward,10000000
Luka Jović,Forward,10000000
Sofiane Boufal,Forward,10000000
Jacob Murphy,Forward,10000000
Andrea Petagna,Forward,10000000
Arkadiusz Milik,Forward,10000000
Ante Rebic,Forward,10000000
Patrick Bamford,Forward,10000000
Michy Batshuayi,Forward,10000000
Moi Gómez,Forward,10000000
Chimy Ávila,Forward,10000000
Alassane Plea,Forward,10000000
Yussuf Poulsen,Forward,10000000
Tecatito,Forward,10000000
Andy Delort,Forward,10000000
Erik Lamela,Forward,10000000
Chris Wood,Forward,10000000
Kevin Volland,Forward,10000000
Duván Zapata,Forward,10000000
Ángel Di María,Forward,10000000
Nathan Redmond,Forward,9000000
Gift Orban,Forward,9000000
Amin Sarr,Forward,9000000
Andreas Schjelderup,Forward,9000000
Kayky,Forward,9000000
Ricardo Pepi,Forward,9000000
Antoine Semenyo,Forward,9000000
Johan Bakayoko,Forward,9000000
Santiago Gimenez,Forward,9000000
Joseph Paintsil,Forward,9000000
Largie Ramazani,Forward,9000000
Kyogo Furuhashi,Forward,9000000
Aleksandr Sobolev,Forward,9000000
Artur,Forward,9000000
Joshua Zirkzee,Forward,9000000
Luis Suárez,Forward,9000000
Jean-Philippe Mateta,Forward,9000000
Riccardo Sottil,Forward,9000000
Jordan,Forward,9000000
Anders Dreyer,Forward,9000000
Borja Mayoral,Forward,9000000
Ludovic Ajorque,Forward,9000000
Kasper Dolberg,Forward,9000000
Moses Simon,Forward,9000000
Michael Olunga,Forward,9000000
Wanderson,Forward,9000000
Franck Honorat,Forward,9000000
Roman Yaremchuk,Forward,9000000
Raúl Jiménez,Forward,9000000
Andrea Belotti,Forward,9000000
Gianluca Caprari,Forward,9000000
Rodrigo,Forward,9000000
Michail Antonio,Forward,9000000
Thorgan Hazard,Forward,9000000
Lucas Moura,Forward,9000000
Andrej Kramaric,Forward,9000000
Agustín Álvarez,Forward,8000000
Michael,Forward,8000000
Róger Guedes,Forward,8000000
Krzysztof Piatek,Forward,8000000
Bamba Dieng,Forward,8000000
Abde Ezzalzouli,Forward,8000000
Alan Velasco,Forward,8000000
Martín Satriano,Forward,8000000
Mohamed Bayo,Forward,8000000
Jhon Arias,Forward,8000000
Jack Clarke,Forward,8000000
Walid Cheddira,Forward,8000000
Joe Gelhardt,Forward,8000000
Francisco Conceição,Forward,8000000
Jesús Ferreira,Forward,8000000
Jorge de Frutos,Forward,8000000
Junior Adamu,Forward,8000000
Aaron Boupendza,Forward,8000000
Alexis Vega,Forward,8000000
Hugo Cuypers,Forward,8000000
Myron Boadu,Forward,8000000
Brenner,Forward,8000000
Adam Ounas,Forward,8000000
Yunus Akgün,Forward,8000000
Maxi Gómez,Forward,8000000
Joël Piroe,Forward,8000000
Cyle Larin,Forward,8000000
Abel Ruiz,Forward,8000000
Stephy Mavididi,Forward,8000000
Viktor Gyökeres,Forward,8000000
Mama Baldé,Forward,8000000
Myrto Uzuni,Forward,8000000
Fran Navarro,Forward,8000000
Gelson Martins,Forward,8000000
Paulinho,Forward,8000000
Vincent Janssen,Forward,8000000
Federico Bernardeschi,Forward,8000000
Samu Castillejo,Forward,8000000
Anwar El Ghazi,Forward,8000000
Takumi Minamino,Forward,8000000
Raúl de Tomás,Forward,8000000
Divock Origi,Forward,8000000
Ryan Fraser,Forward,8000000
Paco Alcácer,Forward,8000000
Michael Gregoritsch,Forward,8000000
Luis Muriel,Forward,8000000
Marko Livaja,Forward,8000000
Julian Draxler,Forward,8000000
Danny Welbeck,Forward,8000000
Chidera Ejuke,Forward,7000000
Jan Thielmann,Forward,7000000
Paulinho,Forward,7000000
Georgios Masouras,Forward,7000000
Milot Rashica,Forward,7000000
Nicolás Ibáñez,Forward,7000000
Irfan Can Kahveci,Forward,7000000
Florian Thauvin,Forward,7000000
José Manuel López,Forward,7000000
Abdallah Sima,Forward,7000000
Matheus Nascimento,Forward,7000000
Bradley Barcola,Forward,7000000
Samuel Edozie,Forward,7000000
Matheus Martins,Forward,7000000
Daryl Dike,Forward,7000000
Tiago Tomás,Forward,7000000
Matías Arezo,Forward,7000000
Liam Delap,Forward,7000000
Maximiliano Araújo,Forward,7000000
Lassina Traoré,Forward,7000000
Billal Brahimi,Forward,7000000
Thijs Dallinga,Forward,7000000
Konstantin Tyukavin,Forward,7000000
Liel Abada,Forward,7000000
Sergey Pinyaev,Forward,7000000
Edon Zhegrova,Forward,7000000
Anass Zaroury,Forward,7000000
Lyle Foster,Forward,7000000
Christos Tzolis,Forward,7000000
Javi Puado,Forward,7000000
Zakaria Aboukhlal,Forward,7000000
Brandon Vazquez,Forward,7000000
Eldor Shomurodov,Forward,7000000
Simon Banza,Forward,7000000
Reiss Nelson,Forward,7000000
Alfredo Morelos,Forward,7000000
Toni Martínez,Forward,7000000
Adam Buksa,Forward,7000000
Cristian Arango,Forward,7000000
Ihlas Bebou,Forward,7000000
Antonio Sanabria,Forward,7000000
Chuba Akpom,Forward,7000000
Arturo González,Forward,7000000
Adnan Januzaj,Forward,7000000
Willian José,Forward,7000000
Mislav Orsic,Forward,7000000
Viktor Claesson,Forward,7000000
Suso,Forward,7000000
Iago Aspas,Forward,7000000
Pierre-Emerick Aubameyang,Forward,7000000
Marko Arnautovic,Forward,7000000
Dusan Tadić,Forward,7000000
Exequiel Zeballos,Forward,6000000
Dion Beljo,Forward,6000000
Stipe Biuk,Forward,6000000
Martín Ojeda,Forward,6000000
M'Bala Nzola,Forward,6000000
Shamar Nicholson,Forward,6000000
Josip Brekalo,Forward,6000000
Tarik Tissoudali,Forward,6000000
João Pedro,Forward,6000000
Marvin Ducksch,Forward,6000000
Rachid Ghezzal,Forward,6000000
Luca Langoni,Forward,6000000
Álvaro Rodríguez,Forward,6000000
Jeffinho,Forward,6000000
Pablo Solari,Forward,6000000
Sávio,Forward,6000000
Georges Mikautadze,Forward,6000000
Luis Henrique,Forward,6000000
Wesley,Forward,6000000
Simon Adingra,Forward,6000000
Victor Boniface,Forward,6000000
Igor Paixão,Forward,6000000
Tyrhys Dolan,Forward,6000000
Lucas Beltrán,Forward,6000000
Ander Barrenetxea,Forward,6000000
Mohamed Daramy,Forward,6000000
Lorenzo Lucca,Forward,6000000
Nico Melamed,Forward,6000000
Yusuf Demir,Forward,6000000
